Date;I
05.09.2025;18
04.09.2025;18
03.09.2025;18
02.09.2025;18
01.09.2025;18
29.08.2025;18
28.08.2025;18
27.08.2025;18
26.08.2025;18
25.08.2025;18
22.08.2025;18
21.08.2025;18
20.08.2025;18
19.08.2025;18
18.08.2025;18
15.08.2025;18
14.08.2025;18
13.08.2025;18
12.08.2025;18
11.08.2025;18
08.08.2025;18
07.08.2025;18
06.08.2025;18
05.08.2025;18
04.08.2025;18
01.08.2025;18
31.07.2025;18
30.07.2025;18
29.07.2025;18
28.07.2025;18
25.07.2025;20
24.07.2025;20
23.07.2025;20
22.07.2025;20
21.07.2025;20
18.07.2025;20
17.07.2025;20
16.07.2025;20
15.07.2025;20
14.07.2025;20
11.07.2025;20
10.07.2025;20
09.07.2025;20
08.07.2025;20
07.07.2025;20
04.07.2025;20
03.07.2025;20
02.07.2025;20
01.07.2025;20
30.06.2025;20
27.06.2025;20
26.06.2025;20
25.06.2025;20
24.06.2025;20
23.06.2025;20
20.06.2025;20
19.06.2025;20
18.06.2025;20
17.06.2025;20
16.06.2025;20
13.06.2025;20
11.06.2025;20
10.06.2025;20
09.06.2025;20
06.06.2025;21
05.06.2025;21
04.06.2025;21
03.06.2025;21
02.06.2025;21
30.05.2025;21
29.05.2025;21
28.05.2025;21
27.05.2025;21
26.05.2025;21
23.05.2025;21
22.05.2025;21
21.05.2025;21
20.05.2025;21
19.05.2025;21
16.05.2025;21
15.05.2025;21
14.05.2025;21
13.05.2025;21
12.05.2025;21
08.05.2025;21
07.05.2025;21
06.05.2025;21
05.05.2025;21
02.05.2025;21
30.04.2025;21
29.04.2025;21
28.04.2025;21
25.04.2025;21
24.04.2025;21
23.04.2025;21
22.04.2025;21
21.04.2025;21
18.04.2025;21
17.04.2025;21
16.04.2025;21
15.04.2025;21
14.04.2025;21
11.04.2025;21
10.04.2025;21
09.04.2025;21
08.04.2025;21
07.04.2025;21
04.04.2025;21
03.04.2025;21
02.04.2025;21
01.04.2025;21
31.03.2025;21
28.03.2025;21
27.03.2025;21
26.03.2025;21
25.03.2025;21
24.03.2025;21
21.03.2025;21
20.03.2025;21
19.03.2025;21
18.03.2025;21
17.03.2025;21
14.03.2025;21
13.03.2025;21
12.03.2025;21
11.03.2025;21
10.03.2025;21
07.03.2025;21
06.03.2025;21
05.03.2025;21
04.03.2025;21
03.03.2025;21
28.02.2025;21
27.02.2025;21
26.02.2025;21
25.02.2025;21
24.02.2025;21
21.02.2025;21
20.02.2025;21
19.02.2025;21
18.02.2025;21
17.02.2025;21
14.02.2025;21
13.02.2025;21
12.02.2025;21
11.02.2025;21
10.02.2025;21
07.02.2025;21
06.02.2025;21
05.02.2025;21
04.02.2025;21
03.02.2025;21
31.01.2025;21
30.01.2025;21
29.01.2025;21
28.01.2025;21
27.01.2025;21
24.01.2025;21
23.01.2025;21
22.01.2025;21
21.01.2025;21
20.01.2025;21
17.01.2025;21
16.01.2025;21
15.01.2025;21
14.01.2025;21
13.01.2025;21
10.01.2025;21
09.01.2025;21
08.01.2025;21
06.01.2025;21
03.01.2025;21
30.12.2024;21
28.12.2024;21
27.12.2024;21
26.12.2024;21
25.12.2024;21
24.12.2024;21
23.12.2024;21
20.12.2024;21
19.12.2024;21
18.12.2024;21
17.12.2024;21
16.12.2024;21
13.12.2024;21
12.12.2024;21
11.12.2024;21
10.12.2024;21
09.12.2024;21
06.12.2024;21
05.12.2024;21
04.12.2024;21
03.12.2024;21
02.12.2024;21
29.11.2024;21
28.11.2024;21
27.11.2024;21
26.11.2024;21
25.11.2024;21
22.11.2024;21
21.11.2024;21
20.11.2024;21
19.11.2024;21
18.11.2024;21
15.11.2024;21
14.11.2024;21
13.11.2024;21
12.11.2024;21
11.11.2024;21
08.11.2024;21
07.11.2024;21
06.11.2024;21
05.11.2024;21
02.11.2024;21
01.11.2024;21
31.10.2024;21
30.10.2024;21
29.10.2024;21
28.10.2024;21
25.10.2024;19
24.10.2024;19
23.10.2024;19
22.10.2024;19
21.10.2024;19
18.10.2024;19
17.10.2024;19
16.10.2024;19
15.10.2024;19
14.10.2024;19
11.10.2024;19
10.10.2024;19
09.10.2024;19
08.10.2024;19
07.10.2024;19
04.10.2024;19
03.10.2024;19
02.10.2024;19
01.10.2024;19
30.09.2024;19
27.09.2024;19
26.09.2024;19
25.09.2024;19
24.09.2024;19
23.09.2024;19
20.09.2024;19
19.09.2024;19
18.09.2024;19
17.09.2024;19
16.09.2024;19
13.09.2024;18
12.09.2024;18
11.09.2024;18
10.09.2024;18
09.09.2024;18
06.09.2024;18
05.09.2024;18
04.09.2024;18
03.09.2024;18
02.09.2024;18
30.08.2024;18
29.08.2024;18
28.08.2024;18
27.08.2024;18
26.08.2024;18
23.08.2024;18
22.08.2024;18
21.08.2024;18
20.08.2024;18
19.08.2024;18
16.08.2024;18
15.08.2024;18
14.08.2024;18
13.08.2024;18
12.08.2024;18
09.08.2024;18
08.08.2024;18
07.08.2024;18
06.08.2024;18
05.08.2024;18
02.08.2024;18
01.08.2024;18
31.07.2024;18
30.07.2024;18
29.07.2024;18
26.07.2024;16
25.07.2024;16
24.07.2024;16
23.07.2024;16
22.07.2024;16
19.07.2024;16
18.07.2024;16
17.07.2024;16
16.07.2024;16
15.07.2024;16
12.07.2024;16
11.07.2024;16
10.07.2024;16
09.07.2024;16
08.07.2024;16
05.07.2024;16
04.07.2024;16
03.07.2024;16
02.07.2024;16
01.07.2024;16
28.06.2024;16
27.06.2024;16
26.06.2024;16
25.06.2024;16
24.06.2024;16
21.06.2024;16
20.06.2024;16
19.06.2024;16
18.06.2024;16
17.06.2024;16
14.06.2024;16
13.06.2024;16
11.06.2024;16
10.06.2024;16
07.06.2024;16
06.06.2024;16
05.06.2024;16
04.06.2024;16
03.06.2024;16
31.05.2024;16
30.05.2024;16
29.05.2024;16
28.05.2024;16
27.05.2024;16
24.05.2024;16
23.05.2024;16
22.05.2024;16
21.05.2024;16
20.05.2024;16
17.05.2024;16
16.05.2024;16
15.05.2024;16
14.05.2024;16
13.05.2024;16
10.05.2024;16
08.05.2024;16
07.05.2024;16
06.05.2024;16
03.05.2024;16
02.05.2024;16
30.04.2024;16
29.04.2024;16
27.04.2024;16
26.04.2024;16
25.04.2024;16
24.04.2024;16
23.04.2024;16
22.04.2024;16
19.04.2024;16
18.04.2024;16
17.04.2024;16
16.04.2024;16
15.04.2024;16
12.04.2024;16
11.04.2024;16
10.04.2024;16
09.04.2024;16
08.04.2024;16
05.04.2024;16
04.04.2024;16
03.04.2024;16
02.04.2024;16
01.04.2024;16
29.03.2024;16
28.03.2024;16
27.03.2024;16
26.03.2024;16
25.03.2024;16
22.03.2024;16
21.03.2024;16
20.03.2024;16
19.03.2024;16
18.03.2024;16
15.03.2024;16
14.03.2024;16
13.03.2024;16
12.03.2024;16
11.03.2024;16
07.03.2024;16
06.03.2024;16
05.03.2024;16
04.03.2024;16
01.03.2024;16
29.02.2024;16
28.02.2024;16
27.02.2024;16
26.02.2024;16
22.02.2024;16
21.02.2024;16
20.02.2024;16
19.02.2024;16
16.02.2024;16
15.02.2024;16
14.02.2024;16
13.02.2024;16
12.02.2024;16
09.02.2024;16
08.02.2024;16
07.02.2024;16
06.02.2024;16
05.02.2024;16
02.02.2024;16
01.02.2024;16
31.01.2024;16
30.01.2024;16
29.01.2024;16
26.01.2024;16
25.01.2024;16
24.01.2024;16
23.01.2024;16
22.01.2024;16
19.01.2024;16
18.01.2024;16
17.01.2024;16
16.01.2024;16
15.01.2024;16
12.01.2024;16
11.01.2024;16
10.01.2024;16
09.01.2024;16
08.01.2024;16
05.01.2024;16
04.01.2024;16
03.01.2024;16
29.12.2023;16
28.12.2023;16
27.12.2023;16
26.12.2023;16
25.12.2023;16
22.12.2023;16
21.12.2023;16
20.12.2023;16
19.12.2023;16
18.12.2023;16
15.12.2023;15
14.12.2023;15
13.12.2023;15
12.12.2023;15
11.12.2023;15
08.12.2023;15
07.12.2023;15
06.12.2023;15
05.12.2023;15
04.12.2023;15
01.12.2023;15
30.11.2023;15
29.11.2023;15
28.11.2023;15
27.11.2023;15
24.11.2023;15
23.11.2023;15
22.11.2023;15
21.11.2023;15
20.11.2023;15
17.11.2023;15
16.11.2023;15
15.11.2023;15
14.11.2023;15
13.11.2023;15
10.11.2023;15
09.11.2023;15
08.11.2023;15
07.11.2023;15
06.11.2023;15
03.11.2023;15
02.11.2023;15
01.11.2023;15
31.10.2023;15
30.10.2023;15
27.10.2023;13
26.10.2023;13
25.10.2023;13
24.10.2023;13
23.10.2023;13
20.10.2023;13
19.10.2023;13
18.10.2023;13
17.10.2023;13
16.10.2023;13
13.10.2023;13
12.10.2023;13
11.10.2023;13
10.10.2023;13
09.10.2023;13
06.10.2023;13
05.10.2023;13
04.10.2023;13
03.10.2023;13
02.10.2023;13
29.09.2023;13
28.09.2023;13
27.09.2023;13
26.09.2023;13
25.09.2023;13
22.09.2023;13
21.09.2023;13
20.09.2023;13
19.09.2023;13
18.09.2023;13
15.09.2023;12
14.09.2023;12
13.09.2023;12
12.09.2023;12
11.09.2023;12
08.09.2023;12
07.09.2023;12
06.09.2023;12
05.09.2023;12
04.09.2023;12
01.09.2023;12
31.08.2023;12
30.08.2023;12
29.08.2023;12
28.08.2023;12
25.08.2023;12
24.08.2023;12
23.08.2023;12
22.08.2023;12
21.08.2023;12
18.08.2023;12
17.08.2023;12
16.08.2023;12
15.08.2023;12
14.08.2023;8,5
11.08.2023;8,5
10.08.2023;8,5
09.08.2023;8,5
08.08.2023;8,5
07.08.2023;8,5
04.08.2023;8,5
03.08.2023;8,5
02.08.2023;8,5
01.08.2023;8,5
31.07.2023;8,5
28.07.2023;8,5
27.07.2023;8,5
26.07.2023;8,5
25.07.2023;8,5
24.07.2023;8,5
21.07.2023;7,5
20.07.2023;7,5
19.07.2023;7,5
18.07.2023;7,5
17.07.2023;7,5
14.07.2023;7,5
13.07.2023;7,5
12.07.2023;7,5
11.07.2023;7,5
10.07.2023;7,5
07.07.2023;7,5
06.07.2023;7,5
05.07.2023;7,5
04.07.2023;7,5
03.07.2023;7,5
30.06.2023;7,5
29.06.2023;7,5
28.06.2023;7,5
27.06.2023;7,5
26.06.2023;7,5
23.06.2023;7,5
22.06.2023;7,5
21.06.2023;7,5
20.06.2023;7,5
19.06.2023;7,5
16.06.2023;7,5
15.06.2023;7,5
14.06.2023;7,5
13.06.2023;7,5
09.06.2023;7,5
08.06.2023;7,5
07.06.2023;7,5
06.06.2023;7,5
05.06.2023;7,5
02.06.2023;7,5
01.06.2023;7,5
31.05.2023;7,5
30.05.2023;7,5
29.05.2023;7,5
26.05.2023;7,5
25.05.2023;7,5
24.05.2023;7,5
23.05.2023;7,5
22.05.2023;7,5
19.05.2023;7,5
18.05.2023;7,5
17.05.2023;7,5
16.05.2023;7,5
15.05.2023;7,5
12.05.2023;7,5
11.05.2023;7,5
10.05.2023;7,5
08.05.2023;7,5
05.05.2023;7,5
04.05.2023;7,5
03.05.2023;7,5
02.05.2023;7,5
28.04.2023;7,5
27.04.2023;7,5
26.04.2023;7,5
25.04.2023;7,5
24.04.2023;7,5
21.04.2023;7,5
20.04.2023;7,5
19.04.2023;7,5
18.04.2023;7,5
17.04.2023;7,5
14.04.2023;7,5
13.04.2023;7,5
12.04.2023;7,5
11.04.2023;7,5
10.04.2023;7,5
07.04.2023;7,5
06.04.2023;7,5
05.04.2023;7,5
04.04.2023;7,5
03.04.2023;7,5
31.03.2023;7,5
30.03.2023;7,5
29.03.2023;7,5
28.03.2023;7,5
27.03.2023;7,5
24.03.2023;7,5
23.03.2023;7,5
22.03.2023;7,5
21.03.2023;7,5
20.03.2023;7,5
17.03.2023;7,5
16.03.2023;7,5
15.03.2023;7,5
14.03.2023;7,5
13.03.2023;7,5
10.03.2023;7,5
09.03.2023;7,5
07.03.2023;7,5
06.03.2023;7,5
03.03.2023;7,5
02.03.2023;7,5
01.03.2023;7,5
28.02.2023;7,5
27.02.2023;7,5
24.02.2023;7,5
22.02.2023;7,5
21.02.2023;7,5
20.02.2023;7,5
17.02.2023;7,5
16.02.2023;7,5
15.02.2023;7,5
14.02.2023;7,5
13.02.2023;7,5
10.02.2023;7,5
09.02.2023;7,5
08.02.2023;7,5
07.02.2023;7,5
06.02.2023;7,5
03.02.2023;7,5
02.02.2023;7,5
01.02.2023;7,5
31.01.2023;7,5
30.01.2023;7,5
27.01.2023;7,5
26.01.2023;7,5
25.01.2023;7,5
24.01.2023;7,5
23.01.2023;7,5
20.01.2023;7,5
19.01.2023;7,5
18.01.2023;7,5
17.01.2023;7,5
16.01.2023;7,5
13.01.2023;7,5
12.01.2023;7,5
11.01.2023;7,5
10.01.2023;7,5
09.01.2023;7,5
06.01.2023;7,5
05.01.2023;7,5
04.01.2023;7,5
03.01.2023;7,5
30.12.2022;7,5
29.12.2022;7,5
28.12.2022;7,5
27.12.2022;7,5
26.12.2022;7,5
23.12.2022;7,5
22.12.2022;7,5
21.12.2022;7,5
20.12.2022;7,5
19.12.2022;7,5
16.12.2022;7,5
15.12.2022;7,5
14.12.2022;7,5
13.12.2022;7,5
12.12.2022;7,5
09.12.2022;7,5
08.12.2022;7,5
07.12.2022;7,5
06.12.2022;7,5
05.12.2022;7,5
02.12.2022;7,5
01.12.2022;7,5
30.11.2022;7,5
29.11.2022;7,5
28.11.2022;7,5
25.11.2022;7,5
24.11.2022;7,5
23.11.2022;7,5
22.11.2022;7,5
21.11.2022;7,5
18.11.2022;7,5
17.11.2022;7,5
16.11.2022;7,5
15.11.2022;7,5
14.11.2022;7,5
11.11.2022;7,5
10.11.2022;7,5
09.11.2022;7,5
08.11.2022;7,5
07.11.2022;7,5
03.11.2022;7,5
02.11.2022;7,5
01.11.2022;7,5
31.10.2022;7,5
28.10.2022;7,5
27.10.2022;7,5
26.10.2022;7,5
25.10.2022;7,5
24.10.2022;7,5
21.10.2022;7,5
20.10.2022;7,5
19.10.2022;7,5
18.10.2022;7,5
17.10.2022;7,5
14.10.2022;7,5
13.10.2022;7,5
12.10.2022;7,5
11.10.2022;7,5
10.10.2022;7,5
07.10.2022;7,5
06.10.2022;7,5
05.10.2022;7,5
04.10.2022;7,5
03.10.2022;7,5
30.09.2022;7,5
29.09.2022;7,5
28.09.2022;7,5
27.09.2022;7,5
26.09.2022;7,5
23.09.2022;7,5
22.09.2022;7,5
21.09.2022;7,5
20.09.2022;7,5
19.09.2022;7,5
16.09.2022;8
15.09.2022;8
14.09.2022;8
13.09.2022;8
12.09.2022;8
09.09.2022;8
08.09.2022;8
07.09.2022;8
06.09.2022;8
05.09.2022;8
02.09.2022;8
01.09.2022;8
31.08.2022;8
30.08.2022;8
29.08.2022;8
26.08.2022;8
25.08.2022;8
24.08.2022;8
23.08.2022;8
22.08.2022;8
19.08.2022;8
18.08.2022;8
17.08.2022;8
16.08.2022;8
15.08.2022;8
12.08.2022;8
11.08.2022;8
10.08.2022;8
09.08.2022;8
08.08.2022;8
05.08.2022;8
04.08.2022;8
03.08.2022;8
02.08.2022;8
01.08.2022;8
29.07.2022;8
28.07.2022;8
27.07.2022;8
26.07.2022;8
25.07.2022;8
22.07.2022;9,5
21.07.2022;9,5
20.07.2022;9,5
19.07.2022;9,5
18.07.2022;9,5
15.07.2022;9,5
14.07.2022;9,5
13.07.2022;9,5
12.07.2022;9,5
11.07.2022;9,5
08.07.2022;9,5
07.07.2022;9,5
06.07.2022;9,5
05.07.2022;9,5
04.07.2022;9,5
01.07.2022;9,5
30.06.2022;9,5
29.06.2022;9,5
28.06.2022;9,5
27.06.2022;9,5
24.06.2022;9,5
23.06.2022;9,5
22.06.2022;9,5
21.06.2022;9,5
20.06.2022;9,5
17.06.2022;9,5
16.06.2022;9,5
15.06.2022;9,5
14.06.2022;9,5
10.06.2022;11
09.06.2022;11
08.06.2022;11
07.06.2022;11
06.06.2022;11
03.06.2022;11
02.06.2022;11
01.06.2022;11
31.05.2022;11
30.05.2022;11
27.05.2022;11
26.05.2022;14
25.05.2022;14
24.05.2022;14
23.05.2022;14
20.05.2022;14
19.05.2022;14
18.05.2022;14
17.05.2022;14
16.05.2022;14
13.05.2022;14
12.05.2022;14
11.05.2022;14
06.05.2022;14
05.05.2022;14
04.05.2022;14
29.04.2022;17
28.04.2022;17
27.04.2022;17
26.04.2022;17
25.04.2022;17
22.04.2022;17
21.04.2022;17
20.04.2022;17
19.04.2022;17
18.04.2022;17
15.04.2022;17
14.04.2022;17
13.04.2022;17
12.04.2022;17
11.04.2022;17
08.04.2022;20
07.04.2022;20
06.04.2022;20
05.04.2022;20
04.04.2022;20
01.04.2022;20
31.03.2022;20
30.03.2022;20
29.03.2022;20
28.03.2022;20
25.03.2022;20
24.03.2022;20
23.03.2022;20
22.03.2022;20
21.03.2022;20
18.03.2022;20
17.03.2022;20
16.03.2022;20
15.03.2022;20
14.03.2022;20
11.03.2022;20
10.03.2022;20
09.03.2022;20
05.03.2022;20
04.03.2022;20
03.03.2022;20
02.03.2022;20
01.03.2022;20
28.02.2022;20
25.02.2022;9,5
24.02.2022;9,5
23.02.2022;9,5
22.02.2022;9,5
21.02.2022;9,5
18.02.2022;9,5
17.02.2022;9,5
16.02.2022;9,5
15.02.2022;9,5
14.02.2022;9,5
11.02.2022;8,5
10.02.2022;8,5
09.02.2022;8,5
08.02.2022;8,5
07.02.2022;8,5
04.02.2022;8,5
03.02.2022;8,5
02.02.2022;8,5
01.02.2022;8,5
31.01.2022;8,5
28.01.2022;8,5
27.01.2022;8,5
26.01.2022;8,5
25.01.2022;8,5
24.01.2022;8,5
21.01.2022;8,5
20.01.2022;8,5
19.01.2022;8,5
18.01.2022;8,5
17.01.2022;8,5
14.01.2022;8,5
13.01.2022;8,5
12.01.2022;8,5
11.01.2022;8,5
10.01.2022;8,5
06.01.2022;8,5
05.01.2022;8,5
04.01.2022;8,5
03.01.2022;8,5
30.12.2021;8,5
29.12.2021;8,5
28.12.2021;8,5
27.12.2021;8,5
24.12.2021;8,5
23.12.2021;8,5
22.12.2021;8,5
21.12.2021;8,5
20.12.2021;8,5
17.12.2021;7,5
16.12.2021;7,5
15.12.2021;7,5
14.12.2021;7,5
13.12.2021;7,5
10.12.2021;7,5
09.12.2021;7,5
08.12.2021;7,5
07.12.2021;7,5
06.12.2021;7,5
03.12.2021;7,5
02.12.2021;7,5
01.12.2021;7,5
30.11.2021;7,5
29.11.2021;7,5
26.11.2021;7,5
25.11.2021;7,5
24.11.2021;7,5
23.11.2021;7,5
22.11.2021;7,5
19.11.2021;7,5
18.11.2021;7,5
17.11.2021;7,5
16.11.2021;7,5
15.11.2021;7,5
12.11.2021;7,5
11.11.2021;7,5
10.11.2021;7,5
09.11.2021;7,5
08.11.2021;7,5
05.11.2021;7,5
03.11.2021;7,5
02.11.2021;7,5
01.11.2021;7,5
29.10.2021;7,5
28.10.2021;7,5
27.10.2021;7,5
26.10.2021;7,5
25.10.2021;7,5
22.10.2021;6,75
21.10.2021;6,75
20.10.2021;6,75
19.10.2021;6,75
18.10.2021;6,75
15.10.2021;6,75
14.10.2021;6,75
13.10.2021;6,75
12.10.2021;6,75
11.10.2021;6,75
08.10.2021;6,75
07.10.2021;6,75
06.10.2021;6,75
05.10.2021;6,75
04.10.2021;6,75
01.10.2021;6,75
30.09.2021;6,75
29.09.2021;6,75
28.09.2021;6,75
27.09.2021;6,75
24.09.2021;6,75
23.09.2021;6,75
22.09.2021;6,75
21.09.2021;6,75
20.09.2021;6,75
17.09.2021;6,75
16.09.2021;6,75
15.09.2021;6,75
14.09.2021;6,75
13.09.2021;6,75
10.09.2021;6,5
09.09.2021;6,5
08.09.2021;6,5
07.09.2021;6,5
06.09.2021;6,5
03.09.2021;6,5
02.09.2021;6,5
01.09.2021;6,5
31.08.2021;6,5
30.08.2021;6,5
27.08.2021;6,5
26.08.2021;6,5
25.08.2021;6,5
24.08.2021;6,5
23.08.2021;6,5
20.08.2021;6,5
19.08.2021;6,5
18.08.2021;6,5
17.08.2021;6,5
16.08.2021;6,5
13.08.2021;6,5
12.08.2021;6,5
11.08.2021;6,5
10.08.2021;6,5
09.08.2021;6,5
06.08.2021;6,5
05.08.2021;6,5
04.08.2021;6,5
03.08.2021;6,5
02.08.2021;6,5
30.07.2021;6,5
29.07.2021;6,5
28.07.2021;6,5
27.07.2021;6,5
26.07.2021;6,5
23.07.2021;5,5
22.07.2021;5,5
21.07.2021;5,5
20.07.2021;5,5
19.07.2021;5,5
16.07.2021;5,5
15.07.2021;5,5
14.07.2021;5,5
13.07.2021;5,5
12.07.2021;5,5
09.07.2021;5,5
08.07.2021;5,5
07.07.2021;5,5
06.07.2021;5,5
05.07.2021;5,5
02.07.2021;5,5
01.07.2021;5,5
30.06.2021;5,5
29.06.2021;5,5
28.06.2021;5,5
25.06.2021;5,5
24.06.2021;5,5
23.06.2021;5,5
22.06.2021;5,5
21.06.2021;5,5
18.06.2021;5,5
17.06.2021;5,5
16.06.2021;5,5
15.06.2021;5,5
14.06.2021;5
11.06.2021;5
10.06.2021;5
09.06.2021;5
08.06.2021;5
07.06.2021;5
04.06.2021;5
03.06.2021;5
02.06.2021;5
01.06.2021;5
31.05.2021;5
28.05.2021;5
27.05.2021;5
26.05.2021;5
25.05.2021;5
24.05.2021;5
21.05.2021;5
20.05.2021;5
19.05.2021;5
18.05.2021;5
17.05.2021;5
14.05.2021;5
13.05.2021;5
12.05.2021;5
11.05.2021;5
07.05.2021;5
06.05.2021;5
05.05.2021;5
04.05.2021;5
30.04.2021;5
29.04.2021;5
28.04.2021;5
27.04.2021;5
26.04.2021;5
23.04.2021;4,5
22.04.2021;4,5
21.04.2021;4,5
20.04.2021;4,5
19.04.2021;4,5
16.04.2021;4,5
15.04.2021;4,5
14.04.2021;4,5
13.04.2021;4,5
12.04.2021;4,5
09.04.2021;4,5
08.04.2021;4,5
07.04.2021;4,5
06.04.2021;4,5
05.04.2021;4,5
02.04.2021;4,5
01.04.2021;4,5
31.03.2021;4,5
30.03.2021;4,5
29.03.2021;4,5
26.03.2021;4,5
25.03.2021;4,5
24.03.2021;4,5
23.03.2021;4,5
22.03.2021;4,5
19.03.2021;4,25
18.03.2021;4,25
17.03.2021;4,25
16.03.2021;4,25
15.03.2021;4,25
12.03.2021;4,25
11.03.2021;4,25
10.03.2021;4,25
09.03.2021;4,25
05.03.2021;4,25
04.03.2021;4,25
03.03.2021;4,25
02.03.2021;4,25
01.03.2021;4,25
26.02.2021;4,25
25.02.2021;4,25
24.02.2021;4,25
22.02.2021;4,25
20.02.2021;4,25
19.02.2021;4,25
18.02.2021;4,25
17.02.2021;4,25
16.02.2021;4,25
15.02.2021;4,25
12.02.2021;4,25
11.02.2021;4,25
10.02.2021;4,25
09.02.2021;4,25
08.02.2021;4,25
05.02.2021;4,25
04.02.2021;4,25
03.02.2021;4,25
02.02.2021;4,25
01.02.2021;4,25
29.01.2021;4,25
28.01.2021;4,25
27.01.2021;4,25
26.01.2021;4,25
25.01.2021;4,25
22.01.2021;4,25
21.01.2021;4,25
20.01.2021;4,25
19.01.2021;4,25
18.01.2021;4,25
15.01.2021;4,25
14.01.2021;4,25
13.01.2021;4,25
12.01.2021;4,25
11.01.2021;4,25
08.01.2021;4,25
06.01.2021;4,25
05.01.2021;4,25
04.01.2021;4,25
31.12.2020;4,25
30.12.2020;4,25
29.12.2020;4,25
28.12.2020;4,25
25.12.2020;4,25
24.12.2020;4,25
23.12.2020;4,25
22.12.2020;4,25
21.12.2020;4,25
18.12.2020;4,25
17.12.2020;4,25
16.12.2020;4,25
15.12.2020;4,25
14.12.2020;4,25
11.12.2020;4,25
10.12.2020;4,25
09.12.2020;4,25
08.12.2020;4,25
07.12.2020;4,25
04.12.2020;4,25
03.12.2020;4,25
02.12.2020;4,25
01.12.2020;4,25
30.11.2020;4,25
27.11.2020;4,25
26.11.2020;4,25
25.11.2020;4,25
24.11.2020;4,25
23.11.2020;4,25
20.11.2020;4,25
19.11.2020;4,25
18.11.2020;4,25
17.11.2020;4,25
16.11.2020;4,25
13.11.2020;4,25
12.11.2020;4,25
11.11.2020;4,25
10.11.2020;4,25
09.11.2020;4,25
06.11.2020;4,25
05.11.2020;4,25
03.11.2020;4,25
02.11.2020;4,25
30.10.2020;4,25
29.10.2020;4,25
28.10.2020;4,25
27.10.2020;4,25
26.10.2020;4,25
23.10.2020;4,25
22.10.2020;4,25
21.10.2020;4,25
20.10.2020;4,25
19.10.2020;4,25
16.10.2020;4,25
15.10.2020;4,25
14.10.2020;4,25
13.10.2020;4,25
12.10.2020;4,25
09.10.2020;4,25
08.10.2020;4,25
07.10.2020;4,25
06.10.2020;4,25
05.10.2020;4,25
02.10.2020;4,25
01.10.2020;4,25
30.09.2020;4,25
29.09.2020;4,25
28.09.2020;4,25
25.09.2020;4,25
24.09.2020;4,25
23.09.2020;4,25
22.09.2020;4,25
21.09.2020;4,25
18.09.2020;4,25
17.09.2020;4,25
16.09.2020;4,25
15.09.2020;4,25
14.09.2020;4,25
11.09.2020;4,25
10.09.2020;4,25
09.09.2020;4,25
08.09.2020;4,25
07.09.2020;4,25
04.09.2020;4,25
03.09.2020;4,25
02.09.2020;4,25
01.09.2020;4,25
31.08.2020;4,25
28.08.2020;4,25
27.08.2020;4,25
26.08.2020;4,25
25.08.2020;4,25
24.08.2020;4,25
21.08.2020;4,25
20.08.2020;4,25
19.08.2020;4,25
18.08.2020;4,25
17.08.2020;4,25
14.08.2020;4,25
13.08.2020;4,25
12.08.2020;4,25
11.08.2020;4,25
10.08.2020;4,25
07.08.2020;4,25
06.08.2020;4,25
05.08.2020;4,25
04.08.2020;4,25
03.08.2020;4,25
31.07.2020;4,25
30.07.2020;4,25
29.07.2020;4,25
28.07.2020;4,25
27.07.2020;4,25
24.07.2020;4,5
23.07.2020;4,5
22.07.2020;4,5
21.07.2020;4,5
20.07.2020;4,5
17.07.2020;4,5
16.07.2020;4,5
15.07.2020;4,5
14.07.2020;4,5
13.07.2020;4,5
10.07.2020;4,5
09.07.2020;4,5
08.07.2020;4,5
07.07.2020;4,5
06.07.2020;4,5
03.07.2020;4,5
02.07.2020;4,5
30.06.2020;4,5
29.06.2020;4,5
26.06.2020;4,5
25.06.2020;4,5
23.06.2020;4,5
22.06.2020;4,5
19.06.2020;5,5
18.06.2020;5,5
17.06.2020;5,5
16.06.2020;5,5
15.06.2020;5,5
11.06.2020;5,5
10.06.2020;5,5
09.06.2020;5,5
08.06.2020;5,5
05.06.2020;5,5
04.06.2020;5,5
03.06.2020;5,5
02.06.2020;5,5
01.06.2020;5,5
29.05.2020;5,5
28.05.2020;5,5
27.05.2020;5,5
26.05.2020;5,5
25.05.2020;5,5
22.05.2020;5,5
21.05.2020;5,5
20.05.2020;5,5
19.05.2020;5,5
18.05.2020;5,5
15.05.2020;5,5
14.05.2020;5,5
13.05.2020;5,5
12.05.2020;5,5
08.05.2020;5,5
07.05.2020;5,5
06.05.2020;5,5
05.05.2020;5,5
04.05.2020;5,5
30.04.2020;5,5
29.04.2020;5,5
28.04.2020;5,5
27.04.2020;5,5
24.04.2020;6
23.04.2020;6
22.04.2020;6
21.04.2020;6
20.04.2020;6
17.04.2020;6
16.04.2020;6
15.04.2020;6
14.04.2020;6
13.04.2020;6
10.04.2020;6
09.04.2020;6
08.04.2020;6
07.04.2020;6
06.04.2020;6
03.04.2020;6
02.04.2020;6
01.04.2020;6
31.03.2020;6
30.03.2020;6
27.03.2020;6
26.03.2020;6
25.03.2020;6
24.03.2020;6
23.03.2020;6
20.03.2020;6
19.03.2020;6
18.03.2020;6
17.03.2020;6
16.03.2020;6
13.03.2020;6
12.03.2020;6
11.03.2020;6
10.03.2020;6
06.03.2020;6
05.03.2020;6
04.03.2020;6
03.03.2020;6
02.03.2020;6
28.02.2020;6
27.02.2020;6
26.02.2020;6
25.02.2020;6
21.02.2020;6
20.02.2020;6
19.02.2020;6
18.02.2020;6
17.02.2020;6
14.02.2020;6
13.02.2020;6
12.02.2020;6
11.02.2020;6
10.02.2020;6
07.02.2020;6,25
06.02.2020;6,25
05.02.2020;6,25
04.02.2020;6,25
03.02.2020;6,25
31.01.2020;6,25
30.01.2020;6,25
29.01.2020;6,25
28.01.2020;6,25
27.01.2020;6,25
24.01.2020;6,25
23.01.2020;6,25
22.01.2020;6,25
21.01.2020;6,25
20.01.2020;6,25
17.01.2020;6,25
16.01.2020;6,25
15.01.2020;6,25
14.01.2020;6,25
13.01.2020;6,25
10.01.2020;6,25
09.01.2020;6,25
08.01.2020;6,25
06.01.2020;6,25
03.01.2020;6,25
31.12.2019;6,25
30.12.2019;6,25
27.12.2019;6,25
26.12.2019;6,25
25.12.2019;6,25
24.12.2019;6,25
23.12.2019;6,25
20.12.2019;6,25
19.12.2019;6,25
18.12.2019;6,25
17.12.2019;6,25
16.12.2019;6,25
13.12.2019;6,5
12.12.2019;6,5
11.12.2019;6,5
10.12.2019;6,5
09.12.2019;6,5
06.12.2019;6,5
05.12.2019;6,5
04.12.2019;6,5
03.12.2019;6,5
02.12.2019;6,5
29.11.2019;6,5
28.11.2019;6,5
27.11.2019;6,5
26.11.2019;6,5
25.11.2019;6,5
22.11.2019;6,5
21.11.2019;6,5
20.11.2019;6,5
19.11.2019;6,5
18.11.2019;6,5
15.11.2019;6,5
14.11.2019;6,5
13.11.2019;6,5
12.11.2019;6,5
11.11.2019;6,5
08.11.2019;6,5
07.11.2019;6,5
06.11.2019;6,5
05.11.2019;6,5
01.11.2019;6,5
31.10.2019;6,5
30.10.2019;6,5
29.10.2019;6,5
28.10.2019;6,5
25.10.2019;7
24.10.2019;7
23.10.2019;7
22.10.2019;7
21.10.2019;7
18.10.2019;7
17.10.2019;7
16.10.2019;7
15.10.2019;7
14.10.2019;7
11.10.2019;7
10.10.2019;7
09.10.2019;7
08.10.2019;7
07.10.2019;7
04.10.2019;7
03.10.2019;7
02.10.2019;7
01.10.2019;7
30.09.2019;7
27.09.2019;7
26.09.2019;7
25.09.2019;7
24.09.2019;7
23.09.2019;7
20.09.2019;7
19.09.2019;7
18.09.2019;7
17.09.2019;7
16.09.2019;7
13.09.2019;7
12.09.2019;7
11.09.2019;7
10.09.2019;7
09.09.2019;7
06.09.2019;7,25
05.09.2019;7,25
04.09.2019;7,25
03.09.2019;7,25
02.09.2019;7,25
30.08.2019;7,25
29.08.2019;7,25
28.08.2019;7,25
27.08.2019;7,25
26.08.2019;7,25
23.08.2019;7,25
22.08.2019;7,25
21.08.2019;7,25
20.08.2019;7,25
19.08.2019;7,25
16.08.2019;7,25
15.08.2019;7,25
14.08.2019;7,25
13.08.2019;7,25
12.08.2019;7,25
09.08.2019;7,25
08.08.2019;7,25
07.08.2019;7,25
06.08.2019;7,25
05.08.2019;7,25
02.08.2019;7,25
01.08.2019;7,25
31.07.2019;7,25
30.07.2019;7,25
29.07.2019;7,25
26.07.2019;7,5
25.07.2019;7,5
24.07.2019;7,5
23.07.2019;7,5
22.07.2019;7,5
19.07.2019;7,5
18.07.2019;7,5
17.07.2019;7,5
16.07.2019;7,5
15.07.2019;7,5
12.07.2019;7,5
11.07.2019;7,5
10.07.2019;7,5
09.07.2019;7,5
08.07.2019;7,5
05.07.2019;7,5
04.07.2019;7,5
03.07.2019;7,5
02.07.2019;7,5
01.07.2019;7,5
28.06.2019;7,5
27.06.2019;7,5
26.06.2019;7,5
25.06.2019;7,5
24.06.2019;7,5
21.06.2019;7,5
20.06.2019;7,5
19.06.2019;7,5
18.06.2019;7,5
17.06.2019;7,5
14.06.2019;7,75
13.06.2019;7,75
12.06.2019;7,75
11.06.2019;7,75
10.06.2019;7,75
07.06.2019;7,75
06.06.2019;7,75
05.06.2019;7,75
04.06.2019;7,75
03.06.2019;7,75
31.05.2019;7,75
30.05.2019;7,75
29.05.2019;7,75
28.05.2019;7,75
27.05.2019;7,75
24.05.2019;7,75
23.05.2019;7,75
22.05.2019;7,75
21.05.2019;7,75
20.05.2019;7,75
17.05.2019;7,75
16.05.2019;7,75
15.05.2019;7,75
14.05.2019;7,75
13.05.2019;7,75
08.05.2019;7,75
07.05.2019;7,75
06.05.2019;7,75
30.04.2019;7,75
29.04.2019;7,75
26.04.2019;7,75
25.04.2019;7,75
24.04.2019;7,75
23.04.2019;7,75
22.04.2019;7,75
19.04.2019;7,75
18.04.2019;7,75
17.04.2019;7,75
16.04.2019;7,75
15.04.2019;7,75
12.04.2019;7,75
11.04.2019;7,75
10.04.2019;7,75
09.04.2019;7,75
08.04.2019;7,75
05.04.2019;7,75
04.04.2019;7,75
03.04.2019;7,75
02.04.2019;7,75
01.04.2019;7,75
29.03.2019;7,75
28.03.2019;7,75
27.03.2019;7,75
26.03.2019;7,75
25.03.2019;7,75
22.03.2019;7,75
21.03.2019;7,75
20.03.2019;7,75
19.03.2019;7,75
18.03.2019;7,75
15.03.2019;7,75
14.03.2019;7,75
13.03.2019;7,75
12.03.2019;7,75
11.03.2019;7,75
07.03.2019;7,75
06.03.2019;7,75
05.03.2019;7,75
04.03.2019;7,75
01.03.2019;7,75
28.02.2019;7,75
27.02.2019;7,75
26.02.2019;7,75
25.02.2019;7,75
22.02.2019;7,75
21.02.2019;7,75
20.02.2019;7,75
19.02.2019;7,75
18.02.2019;7,75
15.02.2019;7,75
14.02.2019;7,75
13.02.2019;7,75
12.02.2019;7,75
11.02.2019;7,75
08.02.2019;7,75
07.02.2019;7,75
06.02.2019;7,75
05.02.2019;7,75
04.02.2019;7,75
01.02.2019;7,75
31.01.2019;7,75
30.01.2019;7,75
29.01.2019;7,75
28.01.2019;7,75
25.01.2019;7,75
24.01.2019;7,75
23.01.2019;7,75
22.01.2019;7,75
21.01.2019;7,75
18.01.2019;7,75
17.01.2019;7,75
16.01.2019;7,75
15.01.2019;7,75
14.01.2019;7,75
11.01.2019;7,75
10.01.2019;7,75
09.01.2019;7,75
28.12.2018;7,75
27.12.2018;7,75
26.12.2018;7,75
25.12.2018;7,75
24.12.2018;7,75
21.12.2018;7,75
20.12.2018;7,75
19.12.2018;7,75
18.12.2018;7,75
17.12.2018;7,75
14.12.2018;7,5
13.12.2018;7,5
12.12.2018;7,5
11.12.2018;7,5
10.12.2018;7,5
07.12.2018;7,5
06.12.2018;7,5
05.12.2018;7,5
04.12.2018;7,5
03.12.2018;7,5
30.11.2018;7,5
29.11.2018;7,5
28.11.2018;7,5
27.11.2018;7,5
26.11.2018;7,5
23.11.2018;7,5
22.11.2018;7,5
21.11.2018;7,5
20.11.2018;7,5
19.11.2018;7,5
16.11.2018;7,5
15.11.2018;7,5
14.11.2018;7,5
13.11.2018;7,5
12.11.2018;7,5
09.11.2018;7,5
08.11.2018;7,5
07.11.2018;7,5
06.11.2018;7,5
02.11.2018;7,5
01.11.2018;7,5
31.10.2018;7,5
30.10.2018;7,5
29.10.2018;7,5
26.10.2018;7,5
25.10.2018;7,5
24.10.2018;7,5
23.10.2018;7,5
22.10.2018;7,5
19.10.2018;7,5
18.10.2018;7,5
17.10.2018;7,5
16.10.2018;7,5
15.10.2018;7,5
12.10.2018;7,5
11.10.2018;7,5
10.10.2018;7,5
09.10.2018;7,5
08.10.2018;7,5
05.10.2018;7,5
04.10.2018;7,5
03.10.2018;7,5
02.10.2018;7,5
01.10.2018;7,5
28.09.2018;7,5
27.09.2018;7,5
26.09.2018;7,5
25.09.2018;7,5
24.09.2018;7,5
21.09.2018;7,5
20.09.2018;7,5
19.09.2018;7,5
18.09.2018;7,5
17.09.2018;7,5
14.09.2018;7,25
13.09.2018;7,25
12.09.2018;7,25
11.09.2018;7,25
10.09.2018;7,25
07.09.2018;7,25
06.09.2018;7,25
05.09.2018;7,25
04.09.2018;7,25
03.09.2018;7,25
31.08.2018;7,25
30.08.2018;7,25
29.08.2018;7,25
28.08.2018;7,25
27.08.2018;7,25
24.08.2018;7,25
23.08.2018;7,25
22.08.2018;7,25
21.08.2018;7,25
20.08.2018;7,25
17.08.2018;7,25
16.08.2018;7,25
15.08.2018;7,25
14.08.2018;7,25
13.08.2018;7,25
10.08.2018;7,25
09.08.2018;7,25
08.08.2018;7,25
07.08.2018;7,25
06.08.2018;7,25
03.08.2018;7,25
02.08.2018;7,25
01.08.2018;7,25
31.07.2018;7,25
30.07.2018;7,25
27.07.2018;7,25
26.07.2018;7,25
25.07.2018;7,25
24.07.2018;7,25
23.07.2018;7,25
20.07.2018;7,25
19.07.2018;7,25
18.07.2018;7,25
17.07.2018;7,25
16.07.2018;7,25
13.07.2018;7,25
12.07.2018;7,25
11.07.2018;7,25
10.07.2018;7,25
09.07.2018;7,25
06.07.2018;7,25
05.07.2018;7,25
04.07.2018;7,25
03.07.2018;7,25
02.07.2018;7,25
29.06.2018;7,25
28.06.2018;7,25
27.06.2018;7,25
26.06.2018;7,25
25.06.2018;7,25
22.06.2018;7,25
21.06.2018;7,25
20.06.2018;7,25
19.06.2018;7,25
18.06.2018;7,25
15.06.2018;7,25
14.06.2018;7,25
13.06.2018;7,25
09.06.2018;7,25
08.06.2018;7,25
07.06.2018;7,25
06.06.2018;7,25
05.06.2018;7,25
04.06.2018;7,25
01.06.2018;7,25
31.05.2018;7,25
30.05.2018;7,25
29.05.2018;7,25
28.05.2018;7,25
25.05.2018;7,25
24.05.2018;7,25
23.05.2018;7,25
22.05.2018;7,25
21.05.2018;7,25
18.05.2018;7,25
17.05.2018;7,25
16.05.2018;7,25
15.05.2018;7,25
14.05.2018;7,25
11.05.2018;7,25
10.05.2018;7,25
08.05.2018;7,25
07.05.2018;7,25
04.05.2018;7,25
03.05.2018;7,25
28.04.2018;7,25
27.04.2018;7,25
26.04.2018;7,25
25.04.2018;7,25
24.04.2018;7,25
23.04.2018;7,25
20.04.2018;7,25
19.04.2018;7,25
18.04.2018;7,25
17.04.2018;7,25
16.04.2018;7,25
13.04.2018;7,25
12.04.2018;7,25
11.04.2018;7,25
10.04.2018;7,25
09.04.2018;7,25
06.04.2018;7,25
05.04.2018;7,25
04.04.2018;7,25
03.04.2018;7,25
02.04.2018;7,25
30.03.2018;7,25
29.03.2018;7,25
28.03.2018;7,25
27.03.2018;7,25
26.03.2018;7,25
23.03.2018;7,5
22.03.2018;7,5
21.03.2018;7,5
20.03.2018;7,5
19.03.2018;7,5
16.03.2018;7,5
15.03.2018;7,5
14.03.2018;7,5
13.03.2018;7,5
12.03.2018;7,5
07.03.2018;7,5
06.03.2018;7,5
05.03.2018;7,5
02.03.2018;7,5
01.03.2018;7,5
28.02.2018;7,5
27.02.2018;7,5
26.02.2018;7,5
22.02.2018;7,5
21.02.2018;7,5
20.02.2018;7,5
19.02.2018;7,5
16.02.2018;7,5
15.02.2018;7,5
14.02.2018;7,5
13.02.2018;7,5
12.02.2018;7,5
09.02.2018;7,75
08.02.2018;7,75
07.02.2018;7,75
06.02.2018;7,75
05.02.2018;7,75
02.02.2018;7,75
01.02.2018;7,75
31.01.2018;7,75
30.01.2018;7,75
29.01.2018;7,75
26.01.2018;7,75
25.01.2018;7,75
24.01.2018;7,75
23.01.2018;7,75
22.01.2018;7,75
19.01.2018;7,75
18.01.2018;7,75
17.01.2018;7,75
16.01.2018;7,75
15.01.2018;7,75
12.01.2018;7,75
11.01.2018;7,75
10.01.2018;7,75
09.01.2018;7,75
29.12.2017;7,75
28.12.2017;7,75
27.12.2017;7,75
26.12.2017;7,75
25.12.2017;7,75
22.12.2017;7,75
21.12.2017;7,75
20.12.2017;7,75
19.12.2017;7,75
18.12.2017;7,75
15.12.2017;8,25
14.12.2017;8,25
13.12.2017;8,25
12.12.2017;8,25
11.12.2017;8,25
08.12.2017;8,25
07.12.2017;8,25
06.12.2017;8,25
05.12.2017;8,25
04.12.2017;8,25
01.12.2017;8,25
30.11.2017;8,25
29.11.2017;8,25
28.11.2017;8,25
27.11.2017;8,25
24.11.2017;8,25
23.11.2017;8,25
22.11.2017;8,25
21.11.2017;8,25
20.11.2017;8,25
17.11.2017;8,25
16.11.2017;8,25
15.11.2017;8,25
14.11.2017;8,25
13.11.2017;8,25
10.11.2017;8,25
09.11.2017;8,25
08.11.2017;8,25
07.11.2017;8,25
03.11.2017;8,25
02.11.2017;8,25
01.11.2017;8,25
31.10.2017;8,25
30.10.2017;8,25
27.10.2017;8,5
26.10.2017;8,5
25.10.2017;8,5
24.10.2017;8,5
23.10.2017;8,5
20.10.2017;8,5
19.10.2017;8,5
18.10.2017;8,5
17.10.2017;8,5
16.10.2017;8,5
13.10.2017;8,5
12.10.2017;8,5
11.10.2017;8,5
10.10.2017;8,5
09.10.2017;8,5
06.10.2017;8,5
05.10.2017;8,5
04.10.2017;8,5
03.10.2017;8,5
02.10.2017;8,5
29.09.2017;8,5
28.09.2017;8,5
27.09.2017;8,5
26.09.2017;8,5
25.09.2017;8,5
22.09.2017;8,5
21.09.2017;8,5
20.09.2017;8,5
19.09.2017;8,5
18.09.2017;8,5
15.09.2017;9
14.09.2017;9
13.09.2017;9
12.09.2017;9
11.09.2017;9
08.09.2017;9
07.09.2017;9
06.09.2017;9
05.09.2017;9
04.09.2017;9
01.09.2017;9
31.08.2017;9
30.08.2017;9
29.08.2017;9
28.08.2017;9
25.08.2017;9
24.08.2017;9
23.08.2017;9
22.08.2017;9
21.08.2017;9
18.08.2017;9
17.08.2017;9
16.08.2017;9
15.08.2017;9
14.08.2017;9
11.08.2017;9
10.08.2017;9
09.08.2017;9
08.08.2017;9
07.08.2017;9
04.08.2017;9
03.08.2017;9
02.08.2017;9
01.08.2017;9
31.07.2017;9
28.07.2017;9
27.07.2017;9
26.07.2017;9
25.07.2017;9
24.07.2017;9
21.07.2017;9
20.07.2017;9
19.07.2017;9
18.07.2017;9
17.07.2017;9
14.07.2017;9
13.07.2017;9
12.07.2017;9
11.07.2017;9
10.07.2017;9
07.07.2017;9
06.07.2017;9
05.07.2017;9
04.07.2017;9
03.07.2017;9
30.06.2017;9
29.06.2017;9
28.06.2017;9
27.06.2017;9
26.06.2017;9
23.06.2017;9
22.06.2017;9
21.06.2017;9
20.06.2017;9
19.06.2017;9
16.06.2017;9,25
15.06.2017;9,25
14.06.2017;9,25
13.06.2017;9,25
09.06.2017;9,25
08.06.2017;9,25
07.06.2017;9,25
06.06.2017;9,25
05.06.2017;9,25
02.06.2017;9,25
01.06.2017;9,25
31.05.2017;9,25
30.05.2017;9,25
29.05.2017;9,25
26.05.2017;9,25
25.05.2017;9,25
24.05.2017;9,25
23.05.2017;9,25
22.05.2017;9,25
19.05.2017;9,25
18.05.2017;9,25
17.05.2017;9,25
16.05.2017;9,25
15.05.2017;9,25
12.05.2017;9,25
11.05.2017;9,25
10.05.2017;9,25
05.05.2017;9,25
04.05.2017;9,25
03.05.2017;9,25
02.05.2017;9,25
28.04.2017;9,75
27.04.2017;9,75
26.04.2017;9,75
25.04.2017;9,75
24.04.2017;9,75
21.04.2017;9,75
20.04.2017;9,75
19.04.2017;9,75
18.04.2017;9,75
17.04.2017;9,75
14.04.2017;9,75
13.04.2017;9,75
12.04.2017;9,75
11.04.2017;9,75
10.04.2017;9,75
07.04.2017;9,75
06.04.2017;9,75
05.04.2017;9,75
04.04.2017;9,75
03.04.2017;9,75
31.03.2017;9,75
30.03.2017;9,75
29.03.2017;9,75
28.03.2017;9,75
27.03.2017;9,75
24.03.2017;10
23.03.2017;10
22.03.2017;10
21.03.2017;10
20.03.2017;10
17.03.2017;10
16.03.2017;10
15.03.2017;10
14.03.2017;10
13.03.2017;10
10.03.2017;10
09.03.2017;10
07.03.2017;10
06.03.2017;10
03.03.2017;10
02.03.2017;10
01.03.2017;10
28.02.2017;10
27.02.2017;10
22.02.2017;10
21.02.2017;10
20.02.2017;10
17.02.2017;10
16.02.2017;10
15.02.2017;10
14.02.2017;10
13.02.2017;10
10.02.2017;10
09.02.2017;10
08.02.2017;10
07.02.2017;10
06.02.2017;10
03.02.2017;10
02.02.2017;10
01.02.2017;10
31.01.2017;10
30.01.2017;10
27.01.2017;10
26.01.2017;10
25.01.2017;10
24.01.2017;10
23.01.2017;10
20.01.2017;10
19.01.2017;10
18.01.2017;10
17.01.2017;10
16.01.2017;10
13.01.2017;10
12.01.2017;10
11.01.2017;10
10.01.2017;10
09.01.2017;10
30.12.2016;10
29.12.2016;10
28.12.2016;10
27.12.2016;10
26.12.2016;10
23.12.2016;10
22.12.2016;10
21.12.2016;10
20.12.2016;10
19.12.2016;10
16.12.2016;10
15.12.2016;10
14.12.2016;10
13.12.2016;10
12.12.2016;10
09.12.2016;10
08.12.2016;10
07.12.2016;10
06.12.2016;10
05.12.2016;10
02.12.2016;10
01.12.2016;10
30.11.2016;10
29.11.2016;10
28.11.2016;10
25.11.2016;10
24.11.2016;10
23.11.2016;10
22.11.2016;10
21.11.2016;10
18.11.2016;10
17.11.2016;10
16.11.2016;10
15.11.2016;10
14.11.2016;10
11.11.2016;10
10.11.2016;10
09.11.2016;10
08.11.2016;10
07.11.2016;10
03.11.2016;10
02.11.2016;10
01.11.2016;10
31.10.2016;10
28.10.2016;10
27.10.2016;10
26.10.2016;10
25.10.2016;10
24.10.2016;10
21.10.2016;10
20.10.2016;10
19.10.2016;10
18.10.2016;10
17.10.2016;10
14.10.2016;10
13.10.2016;10
12.10.2016;10
11.10.2016;10
10.10.2016;10
07.10.2016;10
06.10.2016;10
05.10.2016;10
04.10.2016;10
03.10.2016;10
30.09.2016;10
29.09.2016;10
28.09.2016;10
27.09.2016;10
26.09.2016;10
23.09.2016;10
22.09.2016;10
21.09.2016;10
20.09.2016;10
19.09.2016;10
16.09.2016;10,5
15.09.2016;10,5
14.09.2016;10,5
13.09.2016;10,5
12.09.2016;10,5
09.09.2016;10,5
08.09.2016;10,5
07.09.2016;10,5
06.09.2016;10,5
05.09.2016;10,5
02.09.2016;10,5
01.09.2016;10,5
31.08.2016;10,5
30.08.2016;10,5
29.08.2016;10,5
26.08.2016;10,5
25.08.2016;10,5
24.08.2016;10,5
23.08.2016;10,5
22.08.2016;10,5
19.08.2016;10,5
18.08.2016;10,5
17.08.2016;10,5
16.08.2016;10,5
15.08.2016;10,5
12.08.2016;10,5
11.08.2016;10,5
10.08.2016;10,5
09.08.2016;10,5
08.08.2016;10,5
05.08.2016;10,5
04.08.2016;10,5
03.08.2016;10,5
02.08.2016;10,5
01.08.2016;10,5
29.07.2016;10,5
28.07.2016;10,5
27.07.2016;10,5
26.07.2016;10,5
25.07.2016;10,5
22.07.2016;10,5
21.07.2016;10,5
20.07.2016;10,5
19.07.2016;10,5
18.07.2016;10,5
15.07.2016;10,5
14.07.2016;10,5
13.07.2016;10,5
12.07.2016;10,5
11.07.2016;10,5
08.07.2016;10,5
07.07.2016;10,5
06.07.2016;10,5
05.07.2016;10,5
04.07.2016;10,5
01.07.2016;10,5
30.06.2016;10,5
29.06.2016;10,5
28.06.2016;10,5
27.06.2016;10,5
24.06.2016;10,5
23.06.2016;10,5
22.06.2016;10,5
21.06.2016;10,5
20.06.2016;10,5
17.06.2016;10,5
16.06.2016;10,5
15.06.2016;10,5
14.06.2016;10,5
10.06.2016;11
09.06.2016;11
08.06.2016;11
07.06.2016;11
06.06.2016;11
03.06.2016;11
02.06.2016;11
01.06.2016;11
31.05.2016;11
30.05.2016;11
27.05.2016;11
26.05.2016;11
25.05.2016;11
24.05.2016;11
23.05.2016;11
20.05.2016;11
19.05.2016;11
18.05.2016;11
17.05.2016;11
16.05.2016;11
13.05.2016;11
12.05.2016;11
11.05.2016;11
10.05.2016;11
06.05.2016;11
05.05.2016;11
04.05.2016;11
29.04.2016;11
28.04.2016;11
27.04.2016;11
26.04.2016;11
25.04.2016;11
22.04.2016;11
21.04.2016;11
20.04.2016;11
19.04.2016;11
18.04.2016;11
15.04.2016;11
14.04.2016;11
13.04.2016;11
12.04.2016;11
11.04.2016;11
08.04.2016;11
07.04.2016;11
06.04.2016;11
05.04.2016;11
04.04.2016;11
01.04.2016;11
31.03.2016;11
30.03.2016;11
29.03.2016;11
28.03.2016;11
25.03.2016;11
24.03.2016;11
23.03.2016;11
22.03.2016;11
21.03.2016;11
18.03.2016;11
17.03.2016;11
16.03.2016;11
15.03.2016;11
14.03.2016;11
11.03.2016;11
10.03.2016;11
09.03.2016;11
04.03.2016;11
03.03.2016;11
02.03.2016;11
01.03.2016;11
29.02.2016;11
26.02.2016;11
25.02.2016;11
24.02.2016;11
20.02.2016;11
19.02.2016;11
18.02.2016;11
17.02.2016;11
16.02.2016;11
15.02.2016;11
12.02.2016;11
11.02.2016;11
10.02.2016;11
09.02.2016;11
08.02.2016;11
05.02.2016;11
04.02.2016;11
03.02.2016;11
02.02.2016;11
01.02.2016;11
29.01.2016;11
28.01.2016;11
27.01.2016;11
26.01.2016;11
25.01.2016;11
22.01.2016;11
21.01.2016;11
20.01.2016;11
19.01.2016;11
18.01.2016;11
15.01.2016;11
14.01.2016;11
13.01.2016;11
12.01.2016;11
11.01.2016;11
01.01.2016;11
31.12.2015;11
30.12.2015;11
29.12.2015;11
28.12.2015;11
25.12.2015;11
24.12.2015;11
23.12.2015;11
22.12.2015;11
21.12.2015;11
18.12.2015;11
17.12.2015;11
16.12.2015;11
15.12.2015;11
14.12.2015;11
11.12.2015;11
10.12.2015;11
09.12.2015;11
08.12.2015;11
07.12.2015;11
04.12.2015;11
03.12.2015;11
02.12.2015;11
01.12.2015;11
30.11.2015;11
27.11.2015;11
26.11.2015;11
25.11.2015;11
24.11.2015;11
23.11.2015;11
20.11.2015;11
19.11.2015;11
18.11.2015;11
17.11.2015;11
16.11.2015;11
13.11.2015;11
12.11.2015;11
11.11.2015;11
10.11.2015;11
09.11.2015;11
06.11.2015;11
05.11.2015;11
03.11.2015;11
02.11.2015;11
30.10.2015;11
29.10.2015;11
28.10.2015;11
27.10.2015;11
26.10.2015;11
23.10.2015;11
22.10.2015;11
21.10.2015;11
20.10.2015;11
19.10.2015;11
16.10.2015;11
15.10.2015;11
14.10.2015;11
13.10.2015;11
12.10.2015;11
09.10.2015;11
08.10.2015;11
07.10.2015;11
06.10.2015;11
05.10.2015;11
02.10.2015;11
01.10.2015;11
30.09.2015;11
29.09.2015;11
28.09.2015;11
25.09.2015;11
24.09.2015;11
23.09.2015;11
22.09.2015;11
21.09.2015;11
18.09.2015;11
17.09.2015;11
16.09.2015;11
15.09.2015;11
14.09.2015;11
11.09.2015;11
10.09.2015;11
09.09.2015;11
08.09.2015;11
07.09.2015;11
04.09.2015;11
03.09.2015;11
02.09.2015;11
01.09.2015;11
31.08.2015;11
28.08.2015;11
27.08.2015;11
26.08.2015;11
25.08.2015;11
24.08.2015;11
21.08.2015;11
20.08.2015;11
19.08.2015;11
18.08.2015;11
17.08.2015;11
14.08.2015;11
13.08.2015;11
12.08.2015;11
11.08.2015;11
10.08.2015;11
07.08.2015;11
06.08.2015;11
05.08.2015;11
04.08.2015;11
03.08.2015;11
31.07.2015;11,5
30.07.2015;11,5
29.07.2015;11,5
28.07.2015;11,5
27.07.2015;11,5
24.07.2015;11,5
23.07.2015;11,5
22.07.2015;11,5
21.07.2015;11,5
20.07.2015;11,5
17.07.2015;11,5
16.07.2015;11,5
15.07.2015;11,5
14.07.2015;11,5
13.07.2015;11,5
10.07.2015;11,5
09.07.2015;11,5
08.07.2015;11,5
07.07.2015;11,5
06.07.2015;11,5
03.07.2015;11,5
02.07.2015;11,5
01.07.2015;11,5
30.06.2015;11,5
29.06.2015;11,5
26.06.2015;11,5
25.06.2015;11,5
24.06.2015;11,5
23.06.2015;11,5
22.06.2015;11,5
19.06.2015;11,5
18.06.2015;11,5
17.06.2015;11,5
16.06.2015;11,5
15.06.2015;12,5
11.06.2015;12,5
10.06.2015;12,5
09.06.2015;12,5
08.06.2015;12,5
05.06.2015;12,5
04.06.2015;12,5
03.06.2015;12,5
02.06.2015;12,5
01.06.2015;12,5
29.05.2015;12,5
28.05.2015;12,5
27.05.2015;12,5
26.05.2015;12,5
25.05.2015;12,5
22.05.2015;12,5
21.05.2015;12,5
20.05.2015;12,5
19.05.2015;12,5
18.05.2015;12,5
15.05.2015;12,5
14.05.2015;12,5
13.05.2015;12,5
12.05.2015;12,5
08.05.2015;12,5
07.05.2015;12,5
06.05.2015;12,5
05.05.2015;12,5
01.05.2015;14
30.04.2015;14
29.04.2015;14
28.04.2015;14
27.04.2015;14
24.04.2015;14
23.04.2015;14
22.04.2015;14
21.04.2015;14
20.04.2015;14
17.04.2015;14
16.04.2015;14
15.04.2015;14
14.04.2015;14
13.04.2015;14
10.04.2015;14
09.04.2015;14
08.04.2015;14
07.04.2015;14
06.04.2015;14
03.04.2015;14
02.04.2015;14
01.04.2015;14
31.03.2015;14
30.03.2015;14
27.03.2015;14
26.03.2015;14
25.03.2015;14
24.03.2015;14
23.03.2015;14
20.03.2015;14
19.03.2015;14
18.03.2015;14
17.03.2015;14
16.03.2015;14
13.03.2015;15
12.03.2015;15
11.03.2015;15
10.03.2015;15
06.03.2015;15
05.03.2015;15
04.03.2015;15
03.03.2015;15
02.03.2015;15
27.02.2015;15
26.02.2015;15
25.02.2015;15
24.02.2015;15
20.02.2015;15
19.02.2015;15
18.02.2015;15
17.02.2015;15
16.02.2015;15
13.02.2015;15
12.02.2015;15
11.02.2015;15
10.02.2015;15
09.02.2015;15
06.02.2015;15
05.02.2015;15
04.02.2015;15
03.02.2015;15
02.02.2015;15
30.01.2015;17
29.01.2015;17
28.01.2015;17
27.01.2015;17
26.01.2015;17
23.01.2015;17
22.01.2015;17
21.01.2015;17
20.01.2015;17
19.01.2015;17
16.01.2015;17
15.01.2015;17
14.01.2015;17
13.01.2015;17
12.01.2015;17